user_id,login_date,status,ip_address
U001,2026-03-26,Success,192.168.6.252
U001,2026-05-04,Success,192.168.1.78
U001,2026-04-12,Success,192.168.18.188
U001,2025-12-24,Success,192.168.5.221
U001,2026-05-29,Success,192.168.1.10
U001,2026-01-09,Success,192.168.17.78
U001,2025-12-05,Success,192.168.8.28
U001,2026-03-28,Success,192.168.12.212
U001,2025-12-17,Success,192.168.14.25
U001,2025-12-24,Success,192.168.11.234
U001,2025-12-25,Success,192.168.5.150
U001,2026-01-28,Success,192.168.11.238
U001,2025-12-02,Success,192.168.4.8
U001,2025-12-28,Success,192.168.15.167
U001,2026-01-04,Success,192.168.20.34
U001,2026-05-11,Success,192.168.16.31
U001,2025-12-08,Success,192.168.6.5
U001,2026-02-04,Failed,192.168.12.222
U001,2026-04-11,Failed,192.168.14.207
U001,2026-02-10,Success,192.168.20.224
U001,2026-04-03,Success,192.168.19.98
U001,2026-03-14,Success,192.168.6.173
U001,2026-02-19,Success,192.168.19.191
U001,2026-05-19,Failed,192.168.20.84
U001,2026-04-20,Success,192.168.2.13
U001,2026-03-11,Success,192.168.14.37
U001,2026-03-31,Success,192.168.9.71
U001,2026-04-16,Success,192.168.11.148
U001,2026-01-15,Success,192.168.7.29
U001,2025-12-28,Success,192.168.17.38
U001,2026-03-23,Success,192.168.16.83
U001,2026-04-01,Success,192.168.17.26
U001,2025-12-16,Success,192.168.17.249
U001,2026-05-10,Success,192.168.13.117
U001,2026-02-10,Failed,192.168.11.156
U001,2025-12-31,Success,192.168.4.177
U001,2026-02-01,Success,192.168.19.20
U001,2026-01-31,Success,192.168.1.2
U001,2026-04-29,Success,192.168.15.86
U001,2026-01-06,Success,192.168.16.247
U001,2026-01-16,Success,192.168.12.86
U001,2026-01-21,Success,192.168.17.25
U001,2026-02-06,Success,192.168.17.156
U001,2026-02-07,Success,192.168.20.171
U001,2026-05-03,Success,192.168.16.45
U001,2025-12-27,Success,192.168.2.80
U001,2026-01-03,Failed,192.168.15.173
U001,2026-03-15,Success,192.168.17.242
U002,2026-03-05,Success,192.168.17.113
U002,2026-01-29,Success,192.168.19.228
U002,2026-03-16,Success,192.168.6.140
U002,2026-02-14,Success,192.168.12.117
U002,2026-03-11,Success,192.168.19.92
U002,2025-12-23,Success,192.168.15.250
U002,2026-02-20,Failed,192.168.19.9
U002,2026-01-19,Success,192.168.1.125
U002,2026-03-30,Success,192.168.7.44
U002,2026-03-12,Success,192.168.13.229
U002,2026-04-17,Failed,192.168.12.10
U002,2026-02-02,Failed,192.168.17.65
U002,2025-12-30,Success,192.168.3.77
U002,2025-12-26,Success,192.168.9.203
U002,2026-04-18,Success,192.168.10.69
U002,2026-05-14,Success,192.168.3.7
U002,2026-05-12,Success,192.168.5.118
U002,2026-01-24,Failed,192.168.12.126
U002,2026-03-13,Success,192.168.6.188
U002,2026-05-21,Success,192.168.4.208
U002,2026-05-08,Success,192.168.5.111
U002,2026-05-23,Success,192.168.16.1
U002,2026-02-28,Success,192.168.13.219
U002,2026-01-13,Success,192.168.17.79
U002,2026-01-13,Success,192.168.4.72
U002,2026-02-19,Failed,192.168.19.63
U002,2026-03-10,Success,192.168.6.116
U002,2026-01-15,Success,192.168.8.239
U002,2026-02-13,Failed,192.168.18.41
U002,2026-02-09,Success,192.168.9.212
U002,2026-04-30,Success,192.168.11.220
U002,2026-05-27,Success,192.168.1.208
U002,2026-03-01,Success,192.168.14.132
U002,2026-04-27,Success,192.168.8.175
U002,2026-05-29,Success,192.168.11.136
U002,2026-01-10,Success,192.168.13.176
U002,2026-04-04,Success,192.168.19.133
U002,2026-02-19,Success,192.168.7.117
U002,2026-05-18,Success,192.168.4.161
U002,2026-03-26,Success,192.168.8.248
U002,2025-12-24,Success,192.168.7.237
U002,2025-12-07,Success,192.168.7.228
U002,2026-05-07,Success,192.168.3.6
U002,2026-04-02,Success,192.168.20.12
U002,2026-04-04,Failed,192.168.18.62
U002,2026-03-01,Success,192.168.4.167
U002,2026-01-22,Success,192.168.12.33
U002,2026-02-25,Success,192.168.15.62
U002,2025-12-13,Success,192.168.8.11
U002,2026-05-10,Success,192.168.4.73
U002,2026-05-31,Success,192.168.6.190
U002,2026-02-13,Success,192.168.20.200
U002,2026-04-20,Success,192.168.17.165
U002,2026-02-24,Success,192.168.1.188
U002,2026-03-13,Success,192.168.20.114
U002,2026-01-22,Success,192.168.16.179
U002,2026-04-12,Success,192.168.16.18
U003,2026-01-26,Success,192.168.5.183
U003,2026-04-06,Success,192.168.7.189
U003,2026-04-12,Success,192.168.8.246
U003,2026-05-14,Success,192.168.16.19
U003,2026-05-16,Success,192.168.12.246
U003,2026-01-15,Success,192.168.4.41
U003,2026-05-11,Success,192.168.15.64
U003,2026-01-25,Success,192.168.10.226
U003,2026-05-29,Success,192.168.11.127
U003,2026-01-28,Success,192.168.14.104
U003,2026-01-10,Success,192.168.15.149
U003,2025-12-17,Success,192.168.3.122
U003,2026-05-26,Success,192.168.6.194
U003,2026-05-28,Success,192.168.10.1
U003,2025-12-29,Success,192.168.8.25
U003,2026-05-13,Success,192.168.16.65
U003,2026-01-04,Success,192.168.9.206
U003,2026-05-05,Success,192.168.3.90
U003,2026-05-31,Success,192.168.1.227
U003,2026-03-05,Failed,192.168.3.186
U003,2026-03-14,Success,192.168.11.233
U003,2026-02-16,Success,192.168.18.120
U003,2026-01-26,Success,192.168.11.78
U003,2026-01-19,Success,192.168.8.241
U003,2026-04-21,Success,192.168.16.230
U003,2026-01-07,Failed,192.168.3.240
U003,2025-12-17,Success,192.168.20.99
U003,2026-03-29,Success,192.168.8.147
U003,2026-05-06,Failed,192.168.20.108
U003,2026-01-06,Success,192.168.13.253
U003,2026-05-26,Failed,192.168.19.78
U003,2026-03-05,Success,192.168.2.31
U003,2026-04-21,Success,192.168.10.139
U003,2026-05-07,Success,192.168.6.77
U003,2025-12-03,Success,192.168.6.90
U003,2026-03-26,Success,192.168.4.139
U003,2026-04-06,Success,192.168.8.252
U003,2026-01-29,Success,192.168.8.225
U003,2025-12-31,Success,192.168.12.74
U004,2025-12-18,Success,192.168.6.51
U004,2026-03-22,Failed,192.168.13.81
U004,2026-04-12,Success,192.168.15.120
U004,2026-03-03,Success,192.168.12.66
U004,2025-12-09,Failed,192.168.19.118
U004,2025-12-17,Success,192.168.17.223
U004,2026-03-27,Success,192.168.14.124
U004,2026-04-29,Success,192.168.1.233
U004,2026-03-03,Success,192.168.20.109
U004,2026-03-25,Success,192.168.4.209
U004,2026-04-05,Success,192.168.12.110
U004,2026-03-21,Success,192.168.12.169
U004,2026-05-04,Success,192.168.6.173
U004,2026-01-03,Failed,192.168.14.11
U004,2026-03-06,Success,192.168.15.222
U004,2026-05-01,Success,192.168.1.102
U004,2026-02-18,Failed,192.168.3.247
U004,2026-02-25,Success,192.168.11.206
U004,2026-04-25,Success,192.168.18.228
U004,2026-05-08,Success,192.168.15.67
U004,2026-01-24,Failed,192.168.1.140
U004,2026-04-08,Success,192.168.17.157
U004,2026-02-27,Success,192.168.10.251
U004,2026-02-05,Success,192.168.5.248
U004,2026-05-08,Success,192.168.12.253
U004,2025-12-13,Success,192.168.18.225
U004,2026-03-29,Success,192.168.18.23
U004,2026-05-22,Success,192.168.8.194
U004,2025-12-31,Success,192.168.7.216
U004,2026-04-06,Failed,192.168.4.74
U004,2025-12-23,Success,192.168.20.113
U004,2026-01-14,Success,192.168.17.180
U004,2026-01-01,Success,192.168.6.66
U004,2026-04-04,Success,192.168.17.44
U004,2026-03-25,Failed,192.168.15.186
U004,2026-05-31,Success,192.168.4.142
U004,2026-01-06,Success,192.168.8.223
U004,2026-04-11,Success,192.168.6.101
U004,2026-02-19,Success,192.168.5.220
U004,2026-04-25,Success,192.168.7.254
U004,2026-05-23,Success,192.168.2.82
U004,2026-02-26,Success,192.168.8.31
U004,2026-03-21,Failed,192.168.8.173
U004,2026-02-19,Success,192.168.9.26
U004,2026-05-15,Success,192.168.14.213
U004,2026-05-20,Success,192.168.20.185
U004,2026-02-27,Success,192.168.6.193
U004,2025-12-28,Success,192.168.11.147
U004,2026-03-19,Success,192.168.8.193
U004,2026-01-24,Success,192.168.18.9
U004,2026-05-07,Success,192.168.2.151
U004,2025-12-08,Success,192.168.2.29
U004,2026-04-05,Success,192.168.5.239
U005,2026-01-19,Success,192.168.6.179
U005,2026-01-03,Success,192.168.15.30
U005,2026-01-13,Success,192.168.8.229
U005,2025-12-09,Success,192.168.8.62
U005,2026-03-25,Success,192.168.13.38
U005,2026-02-03,Success,192.168.20.52
U005,2026-04-19,Success,192.168.5.91
U005,2025-12-29,Success,192.168.10.91
U005,2026-01-22,Success,192.168.16.191
U005,2026-05-31,Success,192.168.5.54
U005,2026-04-25,Success,192.168.11.37
U005,2026-05-19,Success,192.168.7.227
U005,2026-01-28,Success,192.168.14.186
U005,2026-04-08,Success,192.168.17.102
U005,2026-01-02,Success,192.168.4.22
U005,2025-12-11,Success,192.168.4.20
U005,2026-04-19,Success,192.168.4.179
U005,2026-02-14,Failed,192.168.2.120
U005,2026-02-27,Failed,192.168.14.82
U005,2026-05-12,Success,192.168.5.50
U005,2026-01-05,Success,192.168.9.39
U005,2026-02-02,Success,192.168.8.91
U005,2026-03-23,Success,192.168.19.95
U005,2026-04-12,Failed,192.168.14.242
U005,2025-12-18,Success,192.168.5.196
U005,2026-05-13,Success,192.168.8.139
U005,2025-12-10,Success,192.168.10.149
U005,2025-12-08,Success,192.168.4.109
U005,2026-05-07,Success,192.168.6.195
U005,2025-12-09,Success,192.168.4.9
U005,2026-04-08,Success,192.168.15.217
U005,2026-01-01,Success,192.168.3.191
U005,2025-12-10,Success,192.168.10.135
U005,2026-01-23,Success,192.168.11.61
U005,2026-01-04,Success,192.168.8.223
U005,2026-04-10,Success,192.168.1.32
U005,2026-03-12,Success,192.168.20.85
U005,2026-02-06,Failed,192.168.1.105
U005,2026-04-06,Success,192.168.10.218
U005,2025-12-21,Success,192.168.20.11
U005,2026-02-17,Success,192.168.5.157
U005,2026-03-02,Success,192.168.20.84
U005,2026-02-01,Failed,192.168.18.211
U005,2026-03-16,Success,192.168.13.200
U005,2026-01-05,Success,192.168.19.188
U005,2026-01-14,Success,192.168.15.92
U005,2026-04-10,Success,192.168.14.145
U005,2026-03-12,Success,192.168.2.69
U005,2026-01-22,Success,192.168.18.75
U005,2026-03-11,Success,192.168.7.201
U006,2025-12-19,Success,192.168.18.235
U006,2026-02-28,Success,192.168.10.207
U006,2026-02-28,Success,192.168.13.110
U006,2026-05-31,Success,192.168.19.172
U006,2026-02-14,Success,192.168.15.104
U006,2025-12-24,Success,192.168.3.106
U006,2026-03-30,Success,192.168.5.187
U006,2026-01-30,Success,192.168.7.115
U006,2026-03-30,Success,192.168.9.58
U006,2025-12-09,Success,192.168.9.26
U006,2026-01-12,Success,192.168.12.175
U006,2026-01-17,Success,192.168.15.45
U006,2026-02-16,Success,192.168.4.166
U006,2026-03-05,Success,192.168.15.218
U006,2026-01-16,Success,192.168.3.231
U006,2026-03-19,Success,192.168.16.21
U006,2025-12-22,Success,192.168.14.140
U006,2026-02-13,Success,192.168.1.139
U006,2026-02-17,Failed,192.168.10.152
U006,2026-01-14,Success,192.168.9.139
U006,2026-04-11,Failed,192.168.9.152
U006,2026-05-24,Success,192.168.1.142
U006,2026-04-05,Success,192.168.5.113
U006,2026-03-14,Success,192.168.20.55
U006,2026-05-24,Failed,192.168.3.23
U006,2026-04-04,Success,192.168.5.225
U006,2026-03-23,Failed,192.168.2.174
U006,2026-04-11,Success,192.168.14.182
U007,2026-01-18,Success,192.168.4.198
U007,2026-04-26,Success,192.168.20.245
U007,2026-04-15,Success,192.168.1.242
U007,2026-03-27,Success,192.168.17.193
U007,2026-04-19,Success,192.168.11.222
U007,2025-12-25,Success,192.168.13.195
U007,2026-04-05,Success,192.168.3.135
U007,2026-02-10,Success,192.168.4.193
U007,2026-01-02,Success,192.168.10.205
U007,2026-03-14,Success,192.168.4.218
U007,2025-12-23,Success,192.168.4.201
U007,2026-03-04,Success,192.168.15.80
U007,2025-12-20,Success,192.168.2.243
U007,2026-03-26,Success,192.168.9.128
U007,2025-12-14,Success,192.168.10.132
U007,2026-02-03,Success,192.168.2.82
U007,2026-01-24,Success,192.168.10.236
U007,2025-12-03,Success,192.168.1.41
U007,2026-01-02,Success,192.168.11.245
U007,2025-12-10,Failed,192.168.3.131
U007,2025-12-14,Success,192.168.15.24
U007,2026-04-01,Failed,192.168.4.142
U007,2026-03-04,Success,192.168.7.83
U007,2025-12-08,Success,192.168.18.51
U007,2025-12-10,Success,192.168.16.177
U007,2026-04-27,Success,192.168.18.183
U007,2026-03-08,Failed,192.168.11.66
U007,2026-05-31,Success,192.168.7.211
U007,2026-04-02,Success,192.168.8.66
U007,2026-02-14,Success,192.168.1.191
U007,2026-03-29,Success,192.168.20.206
U007,2025-12-24,Success,192.168.9.46
U008,2026-05-01,Success,192.168.3.41
U008,2025-12-23,Failed,192.168.10.184
U008,2026-04-13,Failed,192.168.4.35
U008,2025-12-08,Success,192.168.18.26
U008,2026-05-10,Success,192.168.8.188
U008,2026-02-06,Success,192.168.2.47
U008,2026-04-01,Success,192.168.4.83
U008,2025-12-14,Success,192.168.3.167
U008,2026-03-16,Success,192.168.6.221
U008,2026-04-06,Success,192.168.19.138
U008,2026-01-20,Success,192.168.10.216
U008,2026-03-17,Failed,192.168.5.145
U008,2026-03-29,Success,192.168.12.249
U008,2026-02-05,Success,192.168.13.200
U008,2026-02-03,Success,192.168.2.74
U008,2026-05-10,Success,192.168.2.72
U008,2025-12-27,Success,192.168.13.132
U008,2026-03-23,Failed,192.168.13.57
U008,2026-03-10,Success,192.168.7.6
U008,2026-03-01,Success,192.168.2.173
U008,2026-03-07,Success,192.168.5.193
U008,2026-04-05,Success,192.168.9.100
U008,2026-04-24,Success,192.168.11.74
U008,2026-04-10,Success,192.168.6.35
U008,2026-03-21,Success,192.168.1.147
U008,2025-12-04,Success,192.168.20.14
U008,2025-12-13,Success,192.168.3.137
U008,2026-05-13,Success,192.168.20.191
U008,2026-03-10,Success,192.168.19.231
U008,2026-04-25,Success,192.168.18.207
U008,2025-12-09,Success,192.168.6.182
U008,2025-12-04,Success,192.168.3.188
U008,2026-04-07,Success,192.168.19.27
U008,2025-12-05,Success,192.168.11.125
U008,2025-12-25,Success,192.168.1.75
U009,2026-04-29,Success,192.168.17.193
U009,2026-01-26,Success,192.168.1.87
U009,2026-05-27,Success,192.168.5.88
U009,2025-12-23,Success,192.168.8.124
U009,2026-01-07,Success,192.168.12.1
U009,2025-12-18,Success,192.168.2.124
U009,2026-05-27,Success,192.168.11.130
U009,2025-12-17,Success,192.168.7.153
U009,2026-05-17,Success,192.168.19.149
U009,2026-05-29,Success,192.168.9.48
U009,2026-03-19,Success,192.168.9.143
U009,2026-03-28,Success,192.168.12.233
U009,2026-03-08,Success,192.168.17.122
U009,2026-01-09,Success,192.168.13.144
U009,2026-01-30,Success,192.168.9.202
U009,2026-01-16,Success,192.168.19.244
U009,2026-03-21,Success,192.168.7.64
U009,2026-02-19,Success,192.168.6.190
U009,2026-04-10,Success,192.168.2.11
U009,2026-03-21,Success,192.168.7.226
U009,2026-01-12,Success,192.168.2.211
U009,2026-05-06,Success,192.168.9.122
U009,2026-01-14,Success,192.168.2.181
U009,2026-05-07,Success,192.168.19.133
U009,2026-04-15,Success,192.168.19.11
U009,2026-04-29,Failed,192.168.11.210
U009,2026-05-24,Success,192.168.3.104
U009,2026-04-25,Success,192.168.15.199
U009,2026-01-12,Success,192.168.9.56
U009,2026-05-21,Success,192.168.2.59
U010,2025-12-02,Success,192.168.6.192
U010,2025-12-23,Success,192.168.17.91
U010,2026-04-07,Success,192.168.3.125
U010,2026-05-29,Success,192.168.4.16
U010,2026-01-28,Success,192.168.6.63
U010,2026-02-06,Success,192.168.4.214
U010,2025-12-04,Success,192.168.17.43
U010,2026-02-22,Success,192.168.9.133
U010,2025-12-31,Failed,192.168.2.221
U010,2026-05-28,Success,192.168.15.248
U010,2025-12-30,Success,192.168.7.175
U010,2026-03-02,Success,192.168.16.180
U010,2026-04-04,Success,192.168.11.249
U010,2026-03-02,Success,192.168.7.216
U010,2026-03-30,Success,192.168.20.165
U010,2026-05-31,Failed,192.168.10.112
U010,2026-05-20,Success,192.168.12.23
U010,2026-05-07,Success,192.168.12.235
U010,2026-04-10,Success,192.168.20.177
U010,2026-02-16,Success,192.168.20.52
U010,2026-05-23,Success,192.168.6.105
U010,2026-04-04,Success,192.168.11.15
U010,2026-05-24,Success,192.168.9.233
U010,2026-03-08,Success,192.168.1.139
U010,2026-05-06,Success,192.168.5.50
U010,2026-01-01,Success,192.168.10.186
U010,2025-12-20,Success,192.168.7.110
U010,2026-05-21,Success,192.168.20.93
U010,2026-03-03,Success,192.168.8.158
U010,2026-01-01,Success,192.168.18.112
U010,2026-01-04,Success,192.168.3.71
U010,2026-02-26,Success,192.168.6.179
U010,2025-12-29,Success,192.168.14.228
U010,2026-03-11,Success,192.168.7.24
U011,2025-12-24,Success,192.168.11.134
U011,2026-05-01,Failed,192.168.3.8
U011,2025-12-29,Success,192.168.19.252
U011,2026-04-14,Success,192.168.10.92
U011,2026-05-13,Success,192.168.2.201
U011,2026-01-05,Failed,192.168.6.156
U011,2026-01-17,Success,192.168.5.234
U011,2026-03-08,Success,192.168.14.215
U011,2026-04-03,Success,192.168.18.37
U011,2026-03-25,Success,192.168.18.147
U011,2026-04-25,Success,192.168.3.35
U011,2026-02-05,Success,192.168.9.78
U011,2026-01-01,Success,192.168.7.115
U011,2026-04-08,Success,192.168.14.146
U011,2026-02-04,Success,192.168.17.25
U011,2026-02-12,Success,192.168.6.20
U011,2026-04-30,Success,192.168.1.93
U011,2026-03-06,Success,192.168.1.47
U011,2025-12-29,Success,192.168.9.34
U011,2026-04-28,Success,192.168.12.253
U011,2026-01-15,Success,192.168.2.132
U011,2025-12-17,Success,192.168.5.193
U011,2026-01-08,Failed,192.168.8.216
U011,2026-03-11,Failed,192.168.4.213
U011,2026-03-18,Success,192.168.1.132
U011,2026-02-28,Success,192.168.15.143
U011,2026-04-06,Success,192.168.18.124
U011,2025-12-06,Success,192.168.9.56
U011,2026-02-03,Success,192.168.18.162
U011,2026-05-24,Success,192.168.14.28
U011,2026-03-01,Success,192.168.5.241
U011,2026-04-28,Success,192.168.2.100
U011,2026-03-30,Success,192.168.2.12
U011,2026-04-12,Success,192.168.1.167
U011,2025-12-28,Success,192.168.15.182
U011,2026-04-13,Success,192.168.11.234
U011,2025-12-31,Success,192.168.6.228
U011,2026-04-02,Success,192.168.6.112
U011,2026-02-18,Success,192.168.3.123
U011,2025-12-06,Success,192.168.9.32
U011,2026-03-20,Failed,192.168.14.93
U011,2026-02-15,Success,192.168.20.58
U012,2026-04-14,Success,192.168.5.174
U012,2025-12-17,Success,192.168.7.172
U012,2026-05-04,Success,192.168.18.109
U012,2026-05-07,Success,192.168.12.189
U012,2025-12-29,Success,192.168.10.236
U012,2026-03-03,Success,192.168.2.211
U012,2026-01-21,Failed,192.168.5.232
U012,2026-01-12,Success,192.168.10.90
U012,2026-02-26,Success,192.168.18.32
U012,2026-02-09,Success,192.168.13.131
U012,2026-05-19,Failed,192.168.10.33
U012,2026-03-03,Success,192.168.7.12
U012,2025-12-31,Success,192.168.3.20
U012,2026-01-31,Success,192.168.5.53
U012,2026-01-16,Success,192.168.6.216
U012,2025-12-29,Success,192.168.12.132
U012,2026-04-17,Success,192.168.5.119
U012,2026-04-21,Success,192.168.12.108
U012,2026-03-25,Success,192.168.13.16
U012,2025-12-17,Success,192.168.13.111
U012,2026-01-29,Success,192.168.19.223
U012,2026-05-13,Success,192.168.6.210
U012,2025-12-17,Success,192.168.12.26
U012,2026-02-20,Success,192.168.3.158
U012,2025-12-10,Success,192.168.5.100
U012,2026-05-30,Success,192.168.20.144
U012,2026-05-20,Success,192.168.15.129
U012,2026-04-22,Success,192.168.1.150
U012,2026-01-11,Success,192.168.8.26
U012,2026-01-16,Success,192.168.15.245
U012,2026-01-30,Failed,192.168.1.94
U012,2026-05-08,Success,192.168.12.173
U012,2025-12-18,Success,192.168.16.85
U012,2026-03-06,Success,192.168.14.33
U012,2026-04-29,Success,192.168.10.206
U012,2026-05-06,Success,192.168.15.75
U012,2026-01-24,Success,192.168.19.117
U012,2026-01-22,Success,192.168.3.218
U012,2026-05-19,Success,192.168.2.222
U012,2026-03-06,Success,192.168.1.7
U012,2026-03-30,Success,192.168.18.201
U012,2026-01-15,Success,192.168.12.41
U012,2026-02-20,Success,192.168.15.134
U012,2026-04-06,Failed,192.168.6.232
U012,2026-05-14,Success,192.168.20.225
U012,2026-04-18,Success,192.168.7.230
U012,2026-03-09,Success,192.168.14.130
U013,2026-03-15,Success,192.168.14.67
U013,2025-12-23,Success,192.168.5.252
U013,2026-03-07,Success,192.168.3.26
U013,2025-12-16,Success,192.168.9.251
U013,2026-05-01,Success,192.168.9.7
U013,2026-05-11,Success,192.168.3.140
U013,2026-05-06,Success,192.168.8.34
U013,2026-02-14,Success,192.168.4.21
U013,2026-04-12,Success,192.168.7.72
U013,2026-05-03,Success,192.168.11.222
U013,2026-01-30,Success,192.168.16.205
U013,2026-02-28,Success,192.168.4.22
U013,2026-05-12,Success,192.168.5.28
U013,2026-04-23,Success,192.168.15.39
U013,2026-03-29,Success,192.168.3.90
U013,2025-12-09,Success,192.168.11.118
U013,2026-05-31,Failed,192.168.18.134
U013,2026-01-04,Success,192.168.17.20
U013,2026-05-28,Failed,192.168.12.217
U013,2026-02-10,Success,192.168.10.173
U013,2026-04-12,Success,192.168.19.11
U013,2026-03-18,Success,192.168.20.12
U013,2026-03-17,Success,192.168.6.142
U013,2025-12-17,Success,192.168.19.113
U013,2026-01-16,Success,192.168.12.31
U013,2026-02-27,Success,192.168.2.14
U013,2026-03-15,Success,192.168.14.140
U013,2026-03-10,Success,192.168.5.66
U013,2026-03-02,Success,192.168.17.143
U013,2025-12-10,Success,192.168.8.190
U013,2026-02-26,Success,192.168.5.217
U013,2026-01-22,Success,192.168.12.234
U013,2025-12-06,Success,192.168.12.211
U013,2026-03-27,Success,192.168.7.11
U013,2026-01-08,Success,192.168.6.118
U013,2026-03-20,Success,192.168.16.31
U013,2026-03-19,Success,192.168.3.93
U013,2026-04-21,Success,192.168.16.155
U013,2026-03-03,Success,192.168.16.102
U013,2026-03-27,Success,192.168.5.14
U013,2025-12-24,Success,192.168.13.25
U013,2026-01-02,Success,192.168.5.195
U013,2026-05-19,Success,192.168.8.160
U014,2026-03-01,Success,192.168.19.110
U014,2026-04-21,Success,192.168.2.201
U014,2026-02-16,Success,192.168.6.233
U014,2026-01-17,Success,192.168.17.2
U014,2026-04-17,Success,192.168.6.190
U014,2026-03-01,Success,192.168.10.95
U014,2025-12-12,Success,192.168.7.133
U014,2026-02-01,Success,192.168.20.97
U014,2026-03-30,Success,192.168.9.96
U014,2026-05-13,Success,192.168.8.168
U014,2026-03-20,Success,192.168.12.196
U014,2026-02-13,Success,192.168.20.135
U014,2026-01-03,Success,192.168.5.120
U014,2026-05-18,Success,192.168.12.43
U014,2025-12-16,Success,192.168.10.71
U014,2026-01-06,Success,192.168.19.168
U014,2026-02-04,Success,192.168.6.69
U014,2026-04-16,Success,192.168.1.176
U014,2026-02-16,Success,192.168.16.135
U014,2026-01-05,Success,192.168.11.243
U015,2026-03-15,Failed,192.168.5.202
U015,2026-01-04,Success,192.168.9.178
U015,2026-04-17,Success,192.168.19.148
U015,2026-02-13,Success,192.168.12.167
U015,2025-12-16,Success,192.168.1.92
U015,2026-01-02,Failed,192.168.16.133
U015,2026-05-30,Success,192.168.12.161
U015,2026-04-18,Success,192.168.8.138
U015,2026-02-05,Success,192.168.9.92
U015,2026-01-26,Success,192.168.17.45
U015,2026-04-08,Success,192.168.12.9
U015,2026-05-17,Success,192.168.1.120
U015,2026-03-22,Success,192.168.1.117
U015,2026-01-21,Success,192.168.20.45
U015,2025-12-02,Failed,192.168.11.149
U015,2026-03-10,Success,192.168.16.69
U015,2026-03-18,Failed,192.168.5.95
U015,2026-03-30,Success,192.168.1.211
U015,2025-12-16,Success,192.168.14.188
U015,2026-04-13,Success,192.168.13.176
U015,2025-12-23,Success,192.168.13.163
U015,2026-01-19,Success,192.168.15.158
U015,2026-02-22,Success,192.168.7.43
U015,2026-04-22,Failed,192.168.15.192
U015,2026-05-06,Success,192.168.15.118
U015,2026-05-06,Success,192.168.15.166
U015,2026-05-21,Success,192.168.20.20
U015,2026-05-13,Success,192.168.13.177
U015,2026-01-11,Success,192.168.10.208
U015,2026-03-30,Failed,192.168.6.238
U015,2026-01-21,Success,192.168.2.237
U016,2026-03-16,Success,192.168.13.209
U016,2025-12-10,Success,192.168.13.233
U016,2026-04-27,Success,192.168.4.119
U016,2026-03-25,Success,192.168.9.239
U016,2026-03-16,Success,192.168.14.132
U016,2026-02-17,Failed,192.168.2.83
U016,2026-03-02,Failed,192.168.20.58
U016,2025-12-02,Success,192.168.8.50
U016,2026-02-01,Success,192.168.12.88
U016,2026-04-16,Success,192.168.5.141
U016,2026-01-27,Success,192.168.12.25
U016,2026-02-11,Failed,192.168.19.67
U016,2026-04-11,Success,192.168.1.22
U016,2026-01-14,Success,192.168.19.172
U016,2025-12-05,Success,192.168.6.253
U016,2026-02-05,Success,192.168.12.120
U016,2026-03-21,Success,192.168.2.218
U016,2026-04-17,Success,192.168.10.113
U016,2026-05-03,Success,192.168.4.14
U016,2026-03-12,Success,192.168.3.190
U016,2026-01-28,Success,192.168.4.175
U016,2026-05-25,Success,192.168.10.224
U017,2026-02-24,Success,192.168.3.160
U017,2026-04-07,Success,192.168.7.205
U017,2025-12-06,Failed,192.168.8.186
U017,2026-01-07,Success,192.168.5.99
U017,2026-03-20,Success,192.168.3.15
U017,2026-05-21,Success,192.168.11.8
U017,2026-01-05,Success,192.168.16.179
U017,2026-01-21,Success,192.168.19.161
U017,2026-01-09,Success,192.168.10.194
U017,2026-03-05,Success,192.168.13.126
U017,2026-05-27,Success,192.168.4.144
U017,2026-05-20,Success,192.168.14.90
U017,2026-03-22,Success,192.168.11.242
U017,2026-03-28,Success,192.168.7.58
U017,2026-01-20,Success,192.168.15.64
U017,2026-01-09,Success,192.168.4.246
U017,2026-01-30,Success,192.168.8.187
U017,2026-02-12,Success,192.168.16.167
U017,2026-02-04,Success,192.168.16.95
U017,2026-03-15,Success,192.168.3.65
U017,2026-02-27,Success,192.168.18.82
U017,2025-12-06,Success,192.168.7.107
U017,2026-03-31,Success,192.168.15.82
U017,2025-12-03,Success,192.168.13.213
U017,2026-03-31,Success,192.168.19.161
U017,2026-05-18,Success,192.168.11.19
U017,2026-04-27,Success,192.168.4.193
U017,2026-04-01,Success,192.168.4.230
U017,2025-12-29,Failed,192.168.8.220
U017,2026-01-10,Success,192.168.6.168
U017,2026-04-05,Success,192.168.1.10
U017,2025-12-31,Success,192.168.14.79
U017,2026-04-25,Success,192.168.5.31
U017,2025-12-04,Success,192.168.19.21
U017,2026-02-01,Success,192.168.2.196
U018,2026-04-24,Success,192.168.6.139
U018,2026-05-15,Success,192.168.10.63
U018,2026-01-18,Success,192.168.4.79
U018,2026-03-16,Success,192.168.3.162
U018,2026-03-27,Success,192.168.16.160
U018,2026-04-04,Success,192.168.4.151
U018,2025-12-15,Success,192.168.5.200
U018,2025-12-05,Success,192.168.11.121
U018,2026-01-17,Success,192.168.16.33
U018,2026-05-09,Success,192.168.5.3
U018,2026-01-20,Success,192.168.17.251
U018,2026-04-30,Success,192.168.8.69
U018,2026-03-30,Success,192.168.2.159
U018,2026-01-13,Success,192.168.4.253
U018,2026-01-03,Success,192.168.1.15
U018,2026-02-27,Success,192.168.5.71
U018,2026-04-17,Success,192.168.7.163
U018,2026-03-31,Success,192.168.6.223
U018,2026-02-22,Success,192.168.7.1
U018,2026-03-10,Success,192.168.16.12
U018,2025-12-12,Success,192.168.4.234
U018,2026-02-17,Success,192.168.18.188
U018,2026-03-11,Success,192.168.16.30
U018,2026-05-29,Success,192.168.17.24
U018,2026-04-23,Success,192.168.1.163
U018,2026-04-14,Success,192.168.2.161
U018,2026-02-19,Success,192.168.15.209
U018,2026-05-14,Failed,192.168.4.62
U018,2026-03-18,Success,192.168.8.11
U018,2025-12-31,Success,192.168.10.132
U018,2026-01-25,Failed,192.168.10.35
U018,2025-12-28,Success,192.168.18.193
U018,2026-03-11,Success,192.168.9.218
U018,2026-04-23,Success,192.168.13.138
U018,2026-04-21,Success,192.168.3.200
U018,2026-03-25,Success,192.168.5.244
U018,2026-02-14,Success,192.168.12.147
U018,2026-02-13,Success,192.168.5.212
U018,2026-04-19,Success,192.168.19.34
U018,2026-03-04,Success,192.168.5.15
U018,2026-02-14,Success,192.168.16.76
U018,2026-05-10,Success,192.168.3.84
U018,2026-02-19,Success,192.168.18.24
U018,2026-03-05,Success,192.168.17.112
U018,2026-05-31,Success,192.168.11.139
U018,2026-03-20,Success,192.168.16.10
U018,2025-12-19,Success,192.168.4.228
U018,2026-01-03,Success,192.168.17.227
U018,2026-02-18,Success,192.168.10.254
U018,2025-12-14,Success,192.168.5.198
U018,2026-05-07,Success,192.168.2.66
U018,2026-03-17,Success,192.168.5.80
U018,2025-12-19,Success,192.168.6.128
U019,2026-04-24,Success,192.168.18.67
U019,2026-05-07,Success,192.168.16.70
U019,2026-04-16,Failed,192.168.12.21
U019,2025-12-22,Success,192.168.18.117
U019,2026-03-17,Success,192.168.10.135
U019,2026-02-03,Failed,192.168.2.227
U019,2026-01-03,Failed,192.168.11.178
U019,2025-12-29,Success,192.168.16.159
U019,2026-02-22,Success,192.168.9.84
U019,2026-01-31,Success,192.168.14.153
U019,2026-05-04,Success,192.168.2.163
U019,2026-04-23,Success,192.168.2.34
U019,2026-05-28,Success,192.168.6.235
U019,2025-12-20,Success,192.168.10.96
U019,2026-04-30,Success,192.168.11.242
U019,2026-05-14,Success,192.168.1.161
U019,2025-12-15,Success,192.168.13.242
U019,2026-04-30,Success,192.168.10.17
U019,2025-12-14,Success,192.168.14.68
U019,2025-12-19,Success,192.168.7.252
U020,2026-01-19,Success,192.168.18.187
U020,2026-03-06,Success,192.168.1.54
U020,2026-03-15,Success,192.168.15.64
U020,2026-05-09,Failed,192.168.18.37
U020,2026-01-19,Success,192.168.16.50
U020,2026-05-13,Success,192.168.2.225
U020,2025-12-30,Failed,192.168.14.114
U020,2025-12-02,Success,192.168.7.115
U020,2026-03-06,Success,192.168.8.52
U020,2026-02-05,Success,192.168.12.87
U020,2026-05-23,Success,192.168.12.112
U020,2026-03-12,Success,192.168.5.67
U020,2026-01-02,Success,192.168.4.24
U020,2026-05-14,Failed,192.168.13.13
U020,2026-04-11,Success,192.168.16.223
U020,2025-12-09,Failed,192.168.2.13
U020,2026-02-13,Success,192.168.8.47
U020,2026-01-24,Success,192.168.13.119
U020,2026-05-31,Success,192.168.12.149
U020,2026-02-23,Success,192.168.5.236
U020,2026-04-29,Success,192.168.1.109
U020,2026-01-23,Success,192.168.10.160
U020,2026-03-20,Success,192.168.18.68
U020,2026-02-14,Success,192.168.20.97
U020,2025-12-17,Success,192.168.12.252
U020,2026-02-01,Success,192.168.3.19
U020,2025-12-23,Success,192.168.2.228
U020,2026-01-25,Success,192.168.18.50
U020,2026-02-12,Success,192.168.18.241
U020,2026-03-19,Success,192.168.17.37
U020,2026-03-07,Failed,192.168.12.198
U020,2026-04-05,Success,192.168.20.205
U020,2026-03-13,Failed,192.168.7.31
U020,2026-04-07,Success,192.168.15.177
U020,2026-01-28,Success,192.168.9.29
U020,2026-01-28,Success,192.168.18.37
U021,2025-12-23,Success,192.168.2.183
U021,2025-12-08,Success,192.168.20.182
U021,2025-12-02,Success,192.168.7.213
U021,2026-05-09,Success,192.168.19.147
U021,2026-02-28,Success,192.168.1.66
U021,2025-12-30,Failed,192.168.14.106
U021,2026-01-15,Success,192.168.7.164
U021,2026-02-05,Success,192.168.10.52
U021,2026-03-04,Success,192.168.9.18
U021,2026-01-22,Success,192.168.11.36
U021,2026-05-04,Success,192.168.8.211
U021,2026-01-21,Success,192.168.19.54
U021,2025-12-16,Success,192.168.12.107
U021,2026-03-19,Failed,192.168.9.83
U021,2026-04-25,Success,192.168.11.57
U021,2026-04-03,Success,192.168.17.223
U021,2026-04-28,Success,192.168.19.152
U021,2026-03-27,Success,192.168.10.17
U021,2026-05-13,Success,192.168.11.152
U021,2026-03-04,Success,192.168.1.147
U021,2026-03-10,Success,192.168.6.246
U021,2026-03-04,Success,192.168.11.60
U021,2025-12-03,Success,192.168.15.195
U021,2026-01-03,Success,192.168.5.152
U021,2026-05-08,Success,192.168.5.68
U021,2026-05-26,Success,192.168.10.113
U021,2026-04-09,Success,192.168.13.6
U021,2025-12-11,Success,192.168.13.128
U021,2026-02-03,Success,192.168.8.77
U021,2026-05-28,Success,192.168.15.103
U021,2026-01-28,Success,192.168.15.246
U021,2026-05-12,Success,192.168.2.20
U021,2026-05-11,Success,192.168.10.13
U021,2026-05-12,Failed,192.168.11.218
U021,2026-02-13,Success,192.168.18.107
U021,2026-02-20,Success,192.168.1.212
U022,2026-02-22,Success,192.168.11.33
U022,2026-03-02,Failed,192.168.6.19
U022,2026-01-17,Success,192.168.2.47
U022,2026-01-17,Success,192.168.2.66
U022,2026-01-23,Success,192.168.16.74
U022,2026-04-06,Success,192.168.13.108
U022,2026-03-25,Success,192.168.2.164
U022,2025-12-09,Success,192.168.9.99
U022,2026-05-10,Success,192.168.1.133
U022,2026-03-16,Success,192.168.17.15
U022,2025-12-14,Success,192.168.16.211
U022,2026-04-22,Success,192.168.12.174
U022,2026-04-08,Success,192.168.5.242
U022,2025-12-06,Success,192.168.1.84
U022,2026-03-15,Success,192.168.9.143
U022,2026-02-21,Success,192.168.2.171
U022,2025-12-12,Success,192.168.6.222
U022,2025-12-19,Failed,192.168.14.47
U022,2026-02-16,Success,192.168.6.149
U022,2026-01-07,Success,192.168.12.179
U022,2026-04-09,Success,192.168.8.22
U022,2026-02-28,Success,192.168.7.12
U022,2026-01-21,Success,192.168.16.130
U022,2026-01-10,Success,192.168.19.152
U022,2026-03-27,Success,192.168.10.163
U022,2025-12-13,Failed,192.168.8.220
U022,2026-01-17,Success,192.168.4.40
U022,2026-01-28,Success,192.168.15.93
U022,2026-04-30,Success,192.168.14.79
U022,2025-12-28,Success,192.168.13.203
U022,2026-01-30,Failed,192.168.8.232
U022,2026-01-15,Success,192.168.7.215
U022,2026-02-03,Success,192.168.4.171
U022,2026-05-18,Success,192.168.3.74
U022,2026-01-27,Failed,192.168.14.238
U022,2026-04-12,Success,192.168.18.133
U022,2026-03-31,Success,192.168.11.190
U022,2026-05-21,Success,192.168.1.169
U022,2026-05-16,Success,192.168.3.217
U022,2026-01-25,Success,192.168.14.161
U022,2026-04-25,Success,192.168.5.220
U022,2026-03-12,Success,192.168.18.74
U022,2026-05-30,Success,192.168.1.182
U023,2026-03-20,Success,192.168.19.224
U023,2026-05-05,Failed,192.168.18.39
U023,2026-03-17,Success,192.168.1.70
U023,2026-01-04,Success,192.168.19.87
U023,2026-03-02,Success,192.168.20.78
U023,2026-05-19,Success,192.168.20.197
U023,2026-05-08,Success,192.168.13.224
U023,2026-01-17,Success,192.168.3.51
U023,2026-05-12,Success,192.168.16.204
U023,2025-12-08,Success,192.168.11.43
U023,2025-12-08,Success,192.168.6.28
U023,2025-12-23,Success,192.168.3.92
U023,2026-03-08,Success,192.168.9.2
U023,2026-04-08,Success,192.168.6.199
U023,2026-02-15,Success,192.168.15.148
U023,2026-03-04,Success,192.168.13.221
U023,2026-05-22,Success,192.168.4.183
U023,2026-05-22,Success,192.168.4.220
U023,2026-02-05,Success,192.168.10.115
U023,2026-05-12,Success,192.168.4.50
U023,2026-03-02,Success,192.168.16.214
U023,2025-12-28,Failed,192.168.9.182
U023,2026-04-16,Success,192.168.16.146
U023,2026-01-04,Failed,192.168.9.151
U023,2026-05-01,Success,192.168.7.48
U023,2026-04-23,Success,192.168.14.237
U023,2025-12-17,Success,192.168.8.198
U023,2026-01-28,Failed,192.168.1.181
U023,2026-02-12,Success,192.168.10.199
U023,2025-12-20,Success,192.168.8.68
U023,2026-03-11,Success,192.168.7.175
U023,2026-05-29,Success,192.168.2.109
U023,2026-05-16,Success,192.168.12.159
U023,2026-02-01,Success,192.168.8.40
U023,2026-01-18,Success,192.168.15.98
U023,2026-04-16,Success,192.168.16.32
U023,2026-04-13,Success,192.168.1.199
U023,2025-12-27,Success,192.168.11.75
U023,2026-03-01,Success,192.168.9.106
U023,2026-04-14,Success,192.168.6.28
U023,2026-03-05,Failed,192.168.19.3
U023,2026-02-25,Success,192.168.13.70
U023,2026-01-31,Success,192.168.14.14
U023,2026-04-10,Success,192.168.11.179
U023,2026-04-02,Success,192.168.12.33
U023,2026-03-24,Success,192.168.1.170
U023,2025-12-11,Success,192.168.10.240
U023,2026-01-02,Success,192.168.6.153
U024,2025-12-19,Success,192.168.3.131
U024,2026-04-09,Success,192.168.12.16
U024,2026-05-17,Success,192.168.15.241
U024,2026-05-20,Success,192.168.12.227
U024,2026-02-17,Success,192.168.18.116
U024,2026-04-04,Success,192.168.5.188
U024,2026-05-22,Success,192.168.2.150
U024,2026-01-01,Success,192.168.13.134
U024,2026-05-27,Success,192.168.1.64
U024,2026-05-17,Success,192.168.6.144
U024,2026-02-02,Success,192.168.13.55
U024,2026-02-01,Success,192.168.13.58
U024,2026-05-31,Success,192.168.8.184
U024,2026-01-04,Success,192.168.7.179
U024,2026-05-11,Success,192.168.15.42
U024,2026-05-30,Success,192.168.12.11
U024,2025-12-02,Success,192.168.7.161
U024,2026-05-03,Success,192.168.6.81
U024,2025-12-02,Success,192.168.8.180
U024,2026-04-20,Success,192.168.15.238
U024,2026-05-29,Success,192.168.16.145
U024,2026-01-20,Success,192.168.5.238
U024,2026-02-18,Success,192.168.17.69
U024,2026-01-10,Success,192.168.11.9
U024,2026-04-08,Success,192.168.19.214
U024,2026-04-30,Failed,192.168.5.4
U024,2025-12-14,Success,192.168.14.196
U024,2026-04-15,Failed,192.168.12.83
U024,2025-12-08,Success,192.168.1.43
U024,2026-05-13,Success,192.168.8.188
U024,2026-01-02,Success,192.168.8.107
U024,2026-03-09,Success,192.168.14.144
U024,2026-04-06,Success,192.168.20.105
U024,2025-12-19,Success,192.168.6.135
U024,2026-01-06,Success,192.168.8.226
U024,2026-03-23,Success,192.168.11.171
U024,2025-12-03,Success,192.168.8.97
U024,2026-02-11,Success,192.168.16.208
U024,2026-01-19,Success,192.168.11.237
U024,2026-02-14,Success,192.168.18.1
U024,2026-03-24,Success,192.168.2.31
U025,2025-12-28,Success,192.168.8.218
U025,2026-05-23,Failed,192.168.8.46
U025,2026-04-07,Success,192.168.7.245
U025,2026-01-15,Failed,192.168.19.217
U025,2026-04-10,Success,192.168.10.159
U025,2026-04-17,Success,192.168.13.188
U025,2025-12-03,Success,192.168.11.177
U025,2026-04-09,Success,192.168.17.212
U025,2026-01-05,Success,192.168.13.76
U025,2026-02-26,Success,192.168.10.21
U025,2026-01-14,Success,192.168.3.64
U025,2026-02-02,Success,192.168.3.115
U025,2026-03-31,Success,192.168.15.54
U025,2026-02-03,Success,192.168.2.7
U025,2026-02-12,Success,192.168.1.194
U025,2026-03-30,Success,192.168.18.203
U025,2026-02-04,Success,192.168.9.239
U025,2026-04-14,Success,192.168.19.47
U025,2026-03-05,Success,192.168.17.8
U025,2026-03-03,Success,192.168.12.250
U025,2025-12-16,Success,192.168.17.157
U025,2026-01-18,Success,192.168.8.76
U025,2025-12-19,Success,192.168.10.115
U025,2026-02-03,Success,192.168.4.60
U025,2025-12-31,Success,192.168.17.148
U025,2026-04-24,Success,192.168.15.116
U025,2026-05-14,Success,192.168.12.196
U025,2026-05-03,Success,192.168.8.219
U025,2026-05-14,Success,192.168.8.86
U025,2026-05-17,Failed,192.168.10.58
U025,2026-04-01,Success,192.168.16.184
U025,2026-02-03,Success,192.168.3.242
U025,2026-02-13,Success,192.168.12.208
U025,2026-02-10,Success,192.168.13.221
U025,2026-02-27,Success,192.168.12.154
U026,2026-02-16,Success,192.168.11.245
U026,2026-01-24,Success,192.168.4.16
U026,2026-02-14,Success,192.168.1.240
U026,2026-04-08,Success,192.168.17.37
U026,2025-12-02,Success,192.168.5.70
U026,2026-04-06,Success,192.168.5.163
U026,2026-02-26,Success,192.168.20.127
U026,2026-04-21,Success,192.168.1.240
U026,2026-02-24,Failed,192.168.10.92
U026,2026-05-14,Success,192.168.5.68
U026,2026-02-01,Success,192.168.3.240
U026,2026-03-04,Success,192.168.12.111
U026,2026-05-28,Success,192.168.4.135
U026,2026-04-03,Success,192.168.16.16
U026,2026-05-12,Success,192.168.2.64
U026,2026-04-05,Success,192.168.14.176
U026,2026-05-10,Success,192.168.14.84
U026,2026-04-15,Success,192.168.7.169
U026,2026-02-02,Success,192.168.11.70
U026,2026-04-01,Success,192.168.1.130
U026,2026-02-07,Success,192.168.19.62
U027,2025-12-15,Success,192.168.17.18
U027,2026-01-01,Success,192.168.5.52
U027,2026-01-23,Failed,192.168.8.82
U027,2026-02-03,Success,192.168.10.195
U027,2026-05-03,Success,192.168.7.205
U027,2025-12-18,Success,192.168.12.153
U027,2026-03-29,Success,192.168.17.18
U027,2026-04-27,Success,192.168.5.200
U027,2025-12-08,Success,192.168.12.211
U027,2025-12-30,Success,192.168.6.45
U027,2025-12-08,Failed,192.168.3.170
U027,2025-12-15,Failed,192.168.10.218
U027,2026-01-21,Success,192.168.6.6
U027,2026-05-07,Success,192.168.7.97
U027,2026-05-14,Success,192.168.2.41
U027,2025-12-04,Success,192.168.10.3
U027,2026-04-25,Success,192.168.4.6
U027,2025-12-11,Success,192.168.20.105
U027,2025-12-14,Failed,192.168.11.144
U027,2025-12-26,Success,192.168.15.106
U027,2026-01-07,Success,192.168.16.170
U027,2026-05-11,Failed,192.168.18.219
U027,2026-05-04,Failed,192.168.2.245
U027,2026-01-01,Success,192.168.1.202
U027,2026-01-07,Failed,192.168.3.97
U027,2026-02-03,Failed,192.168.7.252
U027,2026-01-17,Success,192.168.9.113
U027,2025-12-26,Success,192.168.12.93
U027,2026-02-04,Success,192.168.6.132
U027,2026-02-22,Success,192.168.14.19
U027,2025-12-25,Success,192.168.5.160
U027,2026-02-05,Success,192.168.11.191
U027,2026-01-08,Success,192.168.17.96
U027,2025-12-16,Success,192.168.11.15
U027,2026-01-22,Success,192.168.10.120
U027,2026-01-14,Success,192.168.15.11
U027,2026-01-02,Success,192.168.10.89
U027,2026-04-19,Success,192.168.1.137
U027,2026-04-07,Success,192.168.8.190
U027,2026-01-23,Success,192.168.16.141
U027,2026-01-14,Success,192.168.5.3
U027,2026-03-23,Success,192.168.18.100
U027,2026-01-26,Success,192.168.3.147
U027,2026-01-13,Success,192.168.15.172
U027,2025-12-02,Success,192.168.20.203
U027,2026-02-26,Failed,192.168.7.91
U027,2025-12-18,Success,192.168.12.47
U027,2026-02-24,Success,192.168.12.83
U027,2026-05-02,Success,192.168.19.246
U027,2025-12-12,Success,192.168.11.163
U027,2026-01-27,Success,192.168.16.57
U027,2026-03-05,Success,192.168.20.186
U027,2025-12-19,Success,192.168.7.15
U027,2026-04-21,Success,192.168.16.94
U027,2026-02-06,Success,192.168.1.36
U028,2025-12-22,Success,192.168.16.241
U028,2025-12-13,Failed,192.168.14.246
U028,2025-12-22,Success,192.168.15.67
U028,2026-02-01,Success,192.168.9.193
U028,2026-01-19,Success,192.168.18.155
U028,2026-01-02,Success,192.168.15.129
U028,2026-03-23,Success,192.168.17.231
U028,2026-02-10,Success,192.168.19.160
U028,2026-05-17,Success,192.168.17.56
U028,2026-02-09,Success,192.168.15.151
U028,2025-12-29,Success,192.168.18.167
U028,2026-04-02,Success,192.168.19.102
U028,2026-05-31,Failed,192.168.5.252
U028,2026-04-05,Success,192.168.8.162
U028,2026-02-26,Success,192.168.7.239
U028,2026-02-08,Failed,192.168.7.166
U028,2026-04-02,Success,192.168.5.19
U028,2026-03-01,Success,192.168.8.245
U028,2026-04-08,Success,192.168.15.79
U028,2026-04-18,Success,192.168.6.136
U028,2026-05-09,Success,192.168.17.152
U028,2026-05-14,Success,192.168.15.36
U028,2025-12-24,Success,192.168.5.240
U028,2026-02-15,Failed,192.168.12.244
U028,2026-05-20,Success,192.168.2.140
U028,2026-02-06,Success,192.168.7.15
U028,2026-05-24,Failed,192.168.14.183
U028,2026-01-08,Success,192.168.6.237
U028,2026-03-23,Success,192.168.6.185
U028,2026-03-05,Success,192.168.9.87
U028,2025-12-22,Success,192.168.8.142
U028,2026-01-01,Success,192.168.12.106
U028,2026-01-01,Failed,192.168.4.140
U028,2026-02-20,Failed,192.168.8.25
U028,2026-02-17,Success,192.168.14.103
U028,2026-04-23,Success,192.168.2.207
U028,2026-03-06,Failed,192.168.12.70
U028,2026-04-08,Success,192.168.14.113
U028,2025-12-03,Success,192.168.1.136
U028,2026-05-06,Failed,192.168.8.26
U028,2026-03-01,Success,192.168.6.136
U028,2026-04-16,Success,192.168.13.26
U028,2026-01-23,Success,192.168.12.201
U028,2026-01-27,Success,192.168.17.88
U028,2026-04-16,Failed,192.168.9.157
U028,2026-02-01,Success,192.168.12.240
U028,2026-02-13,Success,192.168.19.172
U028,2025-12-30,Success,192.168.20.182
U028,2026-05-21,Failed,192.168.12.149
U029,2026-01-09,Success,192.168.12.224
U029,2026-05-25,Success,192.168.5.9
U029,2026-04-04,Success,192.168.11.243
U029,2026-05-02,Success,192.168.13.175
U029,2026-01-08,Success,192.168.12.139
U029,2026-01-01,Success,192.168.5.47
U029,2026-03-21,Success,192.168.1.87
U029,2026-03-24,Success,192.168.7.121
U029,2026-02-10,Success,192.168.17.51
U029,2026-04-03,Success,192.168.13.208
U029,2026-03-04,Success,192.168.15.111
U029,2026-01-28,Failed,192.168.19.44
U029,2026-02-15,Success,192.168.3.102
U029,2026-02-27,Success,192.168.9.61
U029,2026-03-16,Failed,192.168.13.120
U029,2026-04-16,Success,192.168.12.231
U029,2026-01-02,Success,192.168.4.42
U029,2026-03-07,Failed,192.168.3.216
U029,2026-02-14,Success,192.168.1.175
U029,2026-05-04,Success,192.168.6.129
U029,2026-04-21,Success,192.168.8.159
U029,2026-05-24,Success,192.168.2.187
U030,2025-12-18,Failed,192.168.1.78
U030,2025-12-09,Success,192.168.6.171
U030,2026-03-03,Success,192.168.8.238
U030,2025-12-10,Success,192.168.19.254
U030,2026-02-07,Success,192.168.12.58
U030,2026-02-18,Success,192.168.12.75
U030,2026-02-16,Success,192.168.12.38
U030,2026-01-26,Success,192.168.1.35
U030,2026-03-25,Success,192.168.16.72
U030,2026-04-02,Success,192.168.1.63
U030,2025-12-14,Success,192.168.1.47
U030,2026-05-05,Success,192.168.5.27
U030,2026-02-16,Failed,192.168.15.79
U030,2026-04-13,Success,192.168.17.28
U030,2025-12-04,Success,192.168.5.76
U030,2026-05-28,Success,192.168.19.39
U030,2026-03-20,Success,192.168.8.22
U030,2026-03-31,Success,192.168.2.244
U030,2026-02-14,Success,192.168.10.197
U030,2026-03-09,Success,192.168.4.43
U030,2026-01-08,Success,192.168.10.231
U030,2026-04-27,Success,192.168.6.163
U030,2026-03-30,Success,192.168.16.33
U030,2026-02-04,Success,192.168.2.244
U030,2026-04-01,Failed,192.168.12.195
U030,2026-03-23,Success,192.168.8.69
U030,2026-05-14,Failed,192.168.11.52
U030,2026-05-16,Success,192.168.7.92
U030,2026-03-12,Success,192.168.9.115
U030,2026-02-19,Success,192.168.4.124
U030,2025-12-11,Success,192.168.9.213
U030,2025-12-24,Success,192.168.19.132
U030,2025-12-12,Success,192.168.12.106
U030,2026-03-27,Success,192.168.10.125
U030,2026-05-27,Success,192.168.2.149
U030,2026-03-19,Success,192.168.7.40
U030,2026-02-21,Success,192.168.2.114
U030,2026-02-28,Success,192.168.12.231
U030,2026-05-05,Success,192.168.7.137
U030,2026-02-28,Failed,192.168.1.121
U030,2026-04-25,Success,192.168.12.105
U030,2026-02-18,Success,192.168.10.244
U030,2026-05-12,Success,192.168.3.143
U030,2025-12-17,Success,192.168.11.67
U030,2026-05-17,Success,192.168.14.73
U030,2026-02-12,Failed,192.168.6.102
U030,2026-01-19,Success,192.168.17.214
U030,2026-05-29,Success,192.168.1.239
U030,2026-04-23,Success,192.168.2.248
U030,2025-12-20,Success,192.168.9.238
U030,2026-04-14,Success,192.168.20.121
U030,2026-03-14,Success,192.168.6.183
U030,2026-05-02,Success,192.168.9.169
U030,2026-01-08,Success,192.168.17.33
U030,2026-03-30,Success,192.168.12.5
U030,2026-03-21,Success,192.168.11.4
U031,2026-01-25,Success,192.168.5.129
U031,2026-02-10,Success,192.168.3.145
U031,2026-04-18,Success,192.168.14.253
U031,2025-12-15,Success,192.168.19.104
U031,2026-01-19,Success,192.168.8.54
U031,2026-02-12,Success,192.168.19.187
U031,2026-01-06,Success,192.168.10.66
U031,2026-01-27,Success,192.168.10.172
U031,2026-05-15,Success,192.168.8.46
U031,2026-03-01,Success,192.168.18.160
U031,2026-02-08,Success,192.168.15.98
U031,2026-01-11,Success,192.168.8.158
U031,2025-12-09,Success,192.168.2.139
U031,2026-01-08,Failed,192.168.2.215
U031,2026-01-18,Success,192.168.13.216
U031,2026-01-21,Success,192.168.8.43
U031,2026-04-27,Success,192.168.14.114
U031,2026-04-25,Success,192.168.12.81
U031,2026-02-25,Success,192.168.15.171
U031,2025-12-22,Success,192.168.3.201
U031,2025-12-28,Success,192.168.13.83
U031,2026-05-05,Success,192.168.13.40
U031,2026-05-17,Success,192.168.16.32
U031,2026-02-06,Success,192.168.8.69
U031,2026-01-28,Success,192.168.13.69
U031,2026-05-05,Success,192.168.18.226
U031,2026-01-05,Success,192.168.15.26
U031,2025-12-17,Success,192.168.19.44
U031,2026-04-22,Success,192.168.15.159
U031,2025-12-22,Success,192.168.15.21
U031,2026-02-16,Success,192.168.13.57
U031,2026-02-07,Success,192.168.1.200
U031,2025-12-08,Success,192.168.3.123
U031,2026-02-24,Success,192.168.9.17
U031,2026-05-23,Success,192.168.9.72
U031,2026-04-05,Success,192.168.7.84
U031,2026-02-24,Success,192.168.13.248
U031,2026-03-01,Success,192.168.15.83
U031,2026-05-29,Success,192.168.12.182
U031,2026-01-05,Success,192.168.20.51
U031,2026-02-23,Success,192.168.11.149
U031,2026-03-10,Success,192.168.18.246
U031,2026-05-02,Success,192.168.17.112
U031,2026-05-29,Success,192.168.12.111
U031,2026-04-13,Success,192.168.10.215
U031,2026-04-21,Failed,192.168.3.211
U031,2026-02-23,Failed,192.168.15.216
U031,2025-12-10,Success,192.168.16.15
U031,2026-01-31,Success,192.168.12.216
U031,2025-12-16,Success,192.168.2.83
U031,2025-12-09,Success,192.168.3.228
U031,2026-01-18,Success,192.168.9.182
U031,2026-01-07,Success,192.168.14.120
U031,2026-05-11,Success,192.168.20.237
U031,2026-02-06,Success,192.168.1.84
U031,2026-03-15,Success,192.168.6.103
U032,2025-12-11,Success,192.168.5.22
U032,2026-03-07,Success,192.168.11.140
U032,2026-03-31,Success,192.168.16.146
U032,2026-02-09,Success,192.168.19.214
U032,2026-04-29,Success,192.168.16.239
U032,2026-04-07,Success,192.168.10.150
U032,2025-12-27,Success,192.168.15.83
U032,2026-03-16,Success,192.168.5.147
U032,2026-02-18,Success,192.168.14.188
U032,2026-05-24,Success,192.168.10.78
U032,2026-03-17,Success,192.168.5.30
U032,2026-01-05,Success,192.168.16.191
U032,2026-04-10,Success,192.168.5.105
U032,2025-12-24,Success,192.168.8.42
U032,2026-04-20,Success,192.168.9.219
U032,2026-03-29,Success,192.168.18.52
U032,2026-02-28,Success,192.168.12.141
U032,2026-04-13,Success,192.168.11.223
U032,2026-04-03,Success,192.168.7.9
U032,2026-02-08,Success,192.168.13.64
U032,2026-02-14,Success,192.168.16.182
U032,2026-02-16,Success,192.168.20.83
U032,2026-01-06,Success,192.168.11.134
U032,2026-02-23,Success,192.168.13.244
U032,2026-05-02,Success,192.168.9.86
U032,2026-03-29,Success,192.168.18.126
U032,2025-12-07,Success,192.168.12.29
U032,2026-05-11,Failed,192.168.16.248
U032,2026-01-19,Success,192.168.15.132
U032,2026-05-25,Success,192.168.9.148
U032,2026-03-06,Success,192.168.13.79
U032,2026-05-24,Success,192.168.5.242
U033,2026-04-10,Failed,192.168.11.218
U033,2026-05-26,Success,192.168.5.24
U033,2026-05-28,Success,192.168.9.120
U033,2026-03-22,Success,192.168.9.30
U033,2026-04-29,Success,192.168.10.252
U033,2026-02-04,Success,192.168.12.157
U033,2025-12-11,Success,192.168.4.109
U033,2026-02-24,Success,192.168.9.7
U033,2026-01-13,Success,192.168.6.163
U033,2026-03-02,Success,192.168.1.144
U033,2026-04-06,Success,192.168.8.243
U033,2026-03-01,Success,192.168.16.17
U033,2026-03-26,Failed,192.168.9.34
U033,2026-05-27,Success,192.168.17.247
U033,2026-04-23,Success,192.168.19.6
U033,2026-05-10,Success,192.168.1.62
U033,2026-05-26,Success,192.168.18.23
U033,2026-05-14,Success,192.168.1.249
U033,2026-05-09,Success,192.168.7.118
U033,2025-12-06,Success,192.168.1.188
U033,2026-02-12,Failed,192.168.18.139
U034,2026-02-06,Success,192.168.4.135
U034,2026-02-17,Success,192.168.20.118
U034,2026-05-23,Success,192.168.19.181
U034,2025-12-10,Success,192.168.7.122
U034,2026-04-25,Success,192.168.3.196
U034,2026-02-20,Success,192.168.20.234
U034,2026-02-04,Success,192.168.19.62
U034,2026-03-06,Success,192.168.3.43
U034,2026-05-14,Success,192.168.18.51
U034,2026-01-17,Success,192.168.3.195
U034,2026-05-28,Success,192.168.4.231
U034,2026-04-23,Success,192.168.20.58
U034,2026-04-08,Success,192.168.13.180
U034,2026-01-21,Failed,192.168.14.40
U034,2026-01-28,Success,192.168.12.212
U034,2026-01-28,Success,192.168.5.153
U034,2025-12-21,Success,192.168.19.50
U034,2026-01-25,Success,192.168.1.145
U034,2026-04-19,Success,192.168.18.98
U034,2026-02-26,Success,192.168.16.173
U034,2026-03-28,Success,192.168.20.161
U034,2026-05-21,Success,192.168.1.17
U034,2026-04-25,Success,192.168.7.51
U034,2026-03-26,Success,192.168.1.185
U034,2025-12-04,Success,192.168.3.191
U034,2025-12-27,Success,192.168.7.234
U034,2025-12-27,Failed,192.168.4.48
U034,2026-05-10,Success,192.168.13.228
U034,2025-12-06,Success,192.168.9.102
U034,2026-04-02,Success,192.168.2.103
U034,2026-05-01,Success,192.168.11.160
U034,2025-12-04,Success,192.168.3.119
U034,2026-04-07,Success,192.168.12.187
U034,2026-03-28,Success,192.168.9.149
U034,2026-04-28,Failed,192.168.5.126
U034,2026-01-26,Success,192.168.11.234
U034,2026-01-23,Failed,192.168.18.27
U034,2025-12-08,Success,192.168.9.242
U034,2025-12-20,Failed,192.168.10.248
U034,2026-02-09,Success,192.168.3.116
U034,2026-04-30,Success,192.168.14.237
U034,2026-01-16,Success,192.168.1.10
U034,2026-03-26,Success,192.168.13.78
U035,2026-05-16,Success,192.168.3.233
U035,2025-12-07,Success,192.168.4.212
U035,2025-12-27,Success,192.168.11.222
U035,2025-12-14,Success,192.168.2.153
U035,2026-03-02,Success,192.168.5.139
U035,2026-05-03,Success,192.168.4.156
U035,2026-01-18,Success,192.168.18.89
U035,2026-02-23,Success,192.168.13.177
U035,2025-12-29,Success,192.168.17.26
U035,2025-12-03,Success,192.168.11.99
U035,2026-03-15,Success,192.168.13.15
U035,2026-05-26,Success,192.168.12.124
U035,2026-03-05,Success,192.168.20.161
U035,2026-02-20,Success,192.168.5.54
U035,2026-04-03,Success,192.168.12.172
U035,2026-01-30,Success,192.168.10.152
U035,2026-03-07,Success,192.168.13.144
U035,2026-03-29,Success,192.168.16.208
U035,2025-12-17,Success,192.168.20.104
U035,2026-04-26,Success,192.168.2.130
U035,2026-03-28,Success,192.168.11.76
U035,2026-01-20,Success,192.168.18.78
U035,2026-02-18,Success,192.168.20.252
U035,2026-05-04,Success,192.168.1.66
U035,2026-02-20,Success,192.168.15.178
U035,2026-05-07,Success,192.168.2.174
U035,2026-03-25,Success,192.168.1.31
U035,2026-03-14,Success,192.168.13.91
U035,2026-05-28,Failed,192.168.12.79
U035,2026-04-29,Success,192.168.9.157
U035,2026-02-06,Success,192.168.15.66
U035,2026-02-04,Success,192.168.17.59
U035,2026-05-23,Success,192.168.17.167
U035,2026-01-10,Success,192.168.4.128
U035,2026-05-16,Failed,192.168.11.168
U035,2026-03-28,Success,192.168.14.149
U035,2026-03-28,Failed,192.168.3.104
U035,2026-04-03,Failed,192.168.5.130
U035,2026-02-08,Failed,192.168.2.10
U035,2026-01-13,Success,192.168.17.86
U035,2026-01-30,Success,192.168.7.137
U035,2026-04-10,Success,192.168.18.69
U035,2025-12-07,Success,192.168.20.42
U035,2025-12-04,Failed,192.168.10.197
U035,2026-03-15,Success,192.168.6.53
U035,2025-12-05,Success,192.168.3.178
U035,2025-12-17,Success,192.168.5.85
U036,2026-02-07,Success,192.168.14.184
U036,2026-03-20,Success,192.168.16.151
U036,2026-01-21,Success,192.168.16.161
U036,2026-03-23,Success,192.168.8.219
U036,2026-05-17,Success,192.168.15.53
U036,2026-04-23,Success,192.168.18.7
U036,2026-02-14,Failed,192.168.9.188
U036,2026-03-03,Success,192.168.16.4
U036,2026-01-20,Success,192.168.7.237
U036,2026-03-24,Success,192.168.7.237
U036,2026-02-27,Success,192.168.18.252
U036,2025-12-09,Failed,192.168.18.166
U036,2026-04-18,Success,192.168.3.143
U036,2026-04-23,Success,192.168.7.113
U036,2025-12-22,Success,192.168.6.248
U036,2026-01-25,Success,192.168.6.226
U036,2026-02-12,Success,192.168.8.80
U036,2025-12-27,Success,192.168.19.124
U036,2026-02-24,Success,192.168.17.153
U036,2026-05-14,Success,192.168.10.51
U036,2026-05-25,Success,192.168.6.129
U036,2026-05-15,Success,192.168.2.79
U036,2026-02-27,Success,192.168.2.156
U036,2026-02-24,Success,192.168.16.181
U036,2026-03-25,Success,192.168.13.193
U036,2026-01-18,Success,192.168.4.249
U036,2026-01-02,Success,192.168.10.67
U036,2026-05-10,Success,192.168.19.71
U036,2026-03-04,Success,192.168.1.134
U036,2026-05-30,Success,192.168.5.193
U036,2026-02-20,Success,192.168.20.219
U036,2026-01-09,Success,192.168.14.87
U036,2026-02-13,Success,192.168.5.74
U036,2026-01-28,Success,192.168.18.35
U036,2025-12-20,Success,192.168.17.240
U036,2026-01-12,Success,192.168.11.119
U036,2026-02-17,Failed,192.168.18.242
U036,2025-12-16,Success,192.168.4.133
U036,2026-01-04,Success,192.168.16.170
U036,2026-02-04,Success,192.168.15.207
U036,2026-01-03,Success,192.168.8.85
U036,2026-01-27,Success,192.168.9.79
U036,2026-05-27,Success,192.168.9.245
U036,2026-01-09,Success,192.168.5.125
U036,2026-02-25,Success,192.168.9.59
U036,2026-03-31,Success,192.168.15.50
U036,2026-03-22,Success,192.168.19.131
U036,2026-04-13,Success,192.168.13.220
U036,2026-05-10,Success,192.168.12.165
U037,2026-01-10,Success,192.168.15.7
U037,2026-04-18,Success,192.168.9.212
U037,2026-01-03,Success,192.168.13.217
U037,2025-12-16,Success,192.168.9.157
U037,2025-12-21,Success,192.168.17.103
U037,2026-04-07,Success,192.168.20.56
U037,2026-04-05,Success,192.168.14.106
U037,2025-12-14,Success,192.168.17.1
U037,2026-05-14,Success,192.168.16.205
U037,2026-01-24,Success,192.168.2.225
U037,2025-12-23,Failed,192.168.20.60
U037,2026-02-06,Success,192.168.13.180
U037,2026-03-12,Success,192.168.9.214
U037,2026-03-22,Success,192.168.18.135
U037,2026-04-04,Success,192.168.18.29
U037,2026-05-29,Success,192.168.8.193
U037,2026-04-13,Success,192.168.7.253
U037,2025-12-21,Success,192.168.13.201
U037,2026-05-01,Success,192.168.13.160
U037,2025-12-13,Success,192.168.20.69
U037,2026-02-25,Success,192.168.9.192
U037,2025-12-03,Success,192.168.11.65
U037,2026-05-04,Success,192.168.17.150
U037,2025-12-27,Failed,192.168.6.132
U037,2026-02-21,Success,192.168.18.176
U037,2026-01-14,Success,192.168.12.79
U037,2026-03-15,Success,192.168.19.229
U037,2026-04-27,Success,192.168.1.158
U037,2025-12-04,Success,192.168.19.39
U037,2026-04-10,Success,192.168.6.135
U037,2026-02-23,Success,192.168.1.67
U037,2026-02-20,Failed,192.168.8.139
U037,2026-05-25,Success,192.168.5.203
U037,2026-03-10,Success,192.168.12.148
U037,2026-05-04,Success,192.168.16.28
U037,2026-01-29,Success,192.168.6.24
U037,2026-04-01,Success,192.168.18.77
U037,2026-01-23,Failed,192.168.7.88
U037,2026-05-12,Success,192.168.14.205
U037,2026-01-09,Success,192.168.18.104
U038,2026-02-28,Success,192.168.19.157
U038,2025-12-22,Success,192.168.17.153
U038,2026-04-17,Success,192.168.7.111
U038,2026-02-18,Success,192.168.7.16
U038,2026-01-16,Success,192.168.17.221
U038,2026-04-05,Success,192.168.7.7
U038,2026-04-30,Success,192.168.18.124
U038,2026-01-19,Success,192.168.7.224
U038,2026-05-12,Success,192.168.5.213
U038,2026-05-13,Success,192.168.8.183
U038,2026-01-18,Success,192.168.2.239
U038,2026-01-25,Success,192.168.7.219
U038,2025-12-27,Success,192.168.3.113
U038,2026-04-26,Success,192.168.16.250
U038,2026-05-14,Success,192.168.11.5
U038,2026-01-19,Success,192.168.7.111
U038,2026-03-21,Failed,192.168.8.39
U038,2026-03-10,Success,192.168.5.75
U038,2025-12-24,Success,192.168.8.78
U038,2026-05-06,Success,192.168.15.11
U038,2025-12-22,Success,192.168.8.174
U038,2026-01-15,Success,192.168.6.30
U038,2026-01-01,Success,192.168.3.223
U038,2026-02-08,Success,192.168.4.104
U038,2026-01-11,Failed,192.168.1.81
U038,2026-02-16,Success,192.168.16.229
U038,2026-03-18,Failed,192.168.1.176
U038,2026-04-25,Success,192.168.7.75
U038,2026-02-11,Success,192.168.18.16
U038,2026-03-10,Success,192.168.20.67
U038,2025-12-21,Success,192.168.3.253
U038,2025-12-07,Success,192.168.14.158
U038,2026-02-04,Failed,192.168.11.125
U038,2026-01-09,Success,192.168.20.31
U038,2025-12-09,Success,192.168.12.67
U038,2026-03-02,Success,192.168.7.236
U039,2026-01-09,Success,192.168.18.81
U039,2026-01-22,Success,192.168.17.16
U039,2026-03-27,Success,192.168.17.94
U039,2026-02-21,Success,192.168.20.190
U039,2026-01-31,Failed,192.168.19.196
U039,2026-02-16,Success,192.168.19.245
U039,2026-03-16,Success,192.168.2.66
U039,2025-12-27,Success,192.168.19.122
U039,2026-05-09,Success,192.168.3.228
U039,2026-05-18,Success,192.168.8.136
U039,2026-05-22,Success,192.168.10.91
U039,2026-04-10,Success,192.168.1.218
U039,2026-01-23,Success,192.168.12.102
U039,2026-01-27,Success,192.168.20.242
U039,2025-12-28,Success,192.168.2.233
U039,2026-03-28,Success,192.168.15.36
U039,2026-03-30,Success,192.168.5.98
U039,2026-05-24,Success,192.168.3.113
U039,2026-01-18,Success,192.168.11.97
U039,2026-03-23,Failed,192.168.14.198
U039,2026-05-05,Success,192.168.12.38
U039,2026-05-13,Failed,192.168.3.163
U039,2026-05-23,Success,192.168.12.186
U039,2026-01-29,Success,192.168.4.190
U039,2026-04-11,Success,192.168.7.129
U039,2025-12-31,Success,192.168.7.12
U039,2026-04-16,Success,192.168.2.168
U039,2026-05-22,Success,192.168.10.209
U039,2026-05-16,Success,192.168.12.78
U039,2025-12-26,Success,192.168.10.129
U040,2026-02-28,Success,192.168.17.76
U040,2026-04-15,Success,192.168.1.247
U040,2026-01-06,Success,192.168.15.129
U040,2026-01-13,Success,192.168.3.180
U040,2026-04-17,Success,192.168.5.95
U040,2026-01-22,Success,192.168.15.113
U040,2025-12-18,Success,192.168.16.34
U040,2025-12-07,Success,192.168.3.58
U040,2026-03-10,Success,192.168.18.188
U040,2026-02-03,Success,192.168.4.74
U040,2026-03-08,Failed,192.168.4.142
U040,2026-04-28,Success,192.168.12.163
U040,2026-02-25,Failed,192.168.17.235
U040,2026-02-22,Success,192.168.13.15
U040,2025-12-09,Success,192.168.2.247
U040,2026-01-06,Success,192.168.8.38
U040,2026-03-03,Success,192.168.2.106
U040,2026-02-01,Success,192.168.14.104
U040,2026-05-20,Success,192.168.4.248
U040,2026-04-06,Success,192.168.11.119
U040,2026-01-07,Success,192.168.11.5
U040,2026-01-08,Success,192.168.17.231
U040,2026-03-08,Success,192.168.10.35
U040,2026-04-24,Success,192.168.17.129
U040,2026-01-18,Success,192.168.3.106
U040,2026-05-11,Success,192.168.12.136
U040,2026-04-17,Success,192.168.19.93
U040,2025-12-09,Success,192.168.12.70
U040,2026-01-26,Success,192.168.4.137
U041,2026-04-18,Success,192.168.4.55
U041,2025-12-12,Success,192.168.6.53
U041,2026-04-16,Success,192.168.8.149
U041,2026-04-27,Success,192.168.16.120
U041,2026-03-01,Success,192.168.7.113
U041,2026-01-10,Success,192.168.17.214
U041,2026-05-22,Success,192.168.7.224
U041,2026-02-26,Success,192.168.14.180
U041,2026-01-04,Failed,192.168.6.52
U041,2026-04-12,Failed,192.168.16.61
U041,2026-01-31,Success,192.168.8.221
U041,2026-03-18,Success,192.168.14.98
U041,2025-12-20,Success,192.168.20.47
U041,2026-03-31,Success,192.168.5.234
U041,2025-12-05,Success,192.168.17.154
U041,2026-02-11,Success,192.168.2.62
U041,2026-03-31,Success,192.168.19.152
U041,2025-12-08,Success,192.168.14.110
U041,2026-01-15,Success,192.168.11.227
U041,2026-04-20,Success,192.168.3.110
U041,2026-01-15,Success,192.168.2.149
U041,2025-12-02,Success,192.168.18.166
U041,2025-12-13,Success,192.168.8.66
U041,2026-05-10,Success,192.168.18.225
U041,2025-12-22,Success,192.168.5.168
U041,2026-04-08,Success,192.168.8.22
U041,2026-03-11,Success,192.168.3.144
U041,2026-01-18,Success,192.168.17.47
U041,2026-05-18,Success,192.168.2.169
U041,2026-05-30,Success,192.168.12.112
U041,2026-05-25,Success,192.168.6.14
U041,2026-05-19,Success,192.168.8.208
U041,2026-03-31,Success,192.168.11.57
U041,2026-05-26,Success,192.168.11.46
U041,2026-05-02,Success,192.168.14.64
U041,2026-03-21,Success,192.168.14.211
U041,2026-02-11,Success,192.168.8.173
U041,2026-01-20,Success,192.168.1.155
U041,2026-02-08,Success,192.168.19.95
U041,2026-01-26,Success,192.168.12.239
U041,2026-02-09,Success,192.168.14.61
U041,2026-01-13,Success,192.168.14.190
U041,2026-01-27,Failed,192.168.2.116
U041,2026-01-09,Success,192.168.10.194
U041,2026-04-04,Success,192.168.9.99
U042,2026-04-06,Success,192.168.8.197
U042,2026-05-08,Success,192.168.18.157
U042,2026-01-31,Success,192.168.7.86
U042,2026-01-21,Success,192.168.20.53
U042,2026-02-18,Success,192.168.14.205
U042,2026-04-02,Success,192.168.18.216
U042,2026-02-02,Success,192.168.17.203
U042,2026-04-30,Success,192.168.5.115
U042,2026-04-12,Success,192.168.18.194
U042,2026-05-07,Success,192.168.1.172
U042,2026-04-21,Failed,192.168.14.221
U042,2026-05-26,Success,192.168.4.213
U042,2026-04-10,Success,192.168.19.51
U042,2026-05-14,Success,192.168.12.33
U042,2026-01-21,Success,192.168.9.231
U042,2026-03-09,Success,192.168.1.211
U042,2026-01-21,Success,192.168.10.232
U042,2026-04-10,Success,192.168.7.63
U042,2026-02-14,Success,192.168.10.7
U042,2026-04-25,Success,192.168.16.104
U042,2026-05-18,Success,192.168.3.247
U042,2025-12-22,Success,192.168.5.148
U042,2026-04-25,Success,192.168.11.203
U042,2026-03-28,Success,192.168.18.166
U042,2026-02-25,Success,192.168.3.212
U042,2026-05-12,Success,192.168.19.153
U042,2026-03-27,Success,192.168.9.42
U042,2026-05-29,Success,192.168.18.194
U042,2026-03-24,Success,192.168.18.117
U042,2025-12-16,Success,192.168.1.117
U042,2026-05-15,Success,192.168.12.9
U042,2025-12-12,Success,192.168.8.104
U042,2026-01-10,Success,192.168.12.81
U042,2026-03-07,Success,192.168.4.3
U042,2025-12-13,Success,192.168.12.107
U042,2026-03-15,Failed,192.168.14.59
U042,2025-12-27,Success,192.168.4.188
U042,2026-02-17,Success,192.168.7.105
U042,2026-02-17,Success,192.168.9.93
U042,2026-03-25,Success,192.168.12.206
U042,2026-04-17,Success,192.168.11.70
U042,2026-03-06,Success,192.168.13.68
U042,2026-03-10,Success,192.168.7.148
U042,2025-12-25,Success,192.168.3.146
U042,2026-03-18,Success,192.168.1.103
U042,2026-04-23,Success,192.168.7.219
U042,2026-01-09,Success,192.168.8.115
U042,2025-12-26,Success,192.168.19.15
U042,2025-12-24,Success,192.168.17.124
U042,2026-02-14,Success,192.168.1.68
U042,2026-01-10,Success,192.168.17.74
U042,2026-01-11,Success,192.168.12.66
U042,2026-05-02,Success,192.168.17.96
U042,2026-05-15,Success,192.168.4.120
U042,2026-02-15,Success,192.168.9.166
U042,2026-04-18,Success,192.168.7.71
U042,2026-03-13,Success,192.168.20.219
U042,2026-02-05,Success,192.168.8.130
U042,2026-03-09,Success,192.168.10.139
U043,2026-03-31,Success,192.168.14.19
U043,2026-05-21,Success,192.168.7.133
U043,2025-12-21,Success,192.168.18.237
U043,2025-12-26,Success,192.168.10.71
U043,2026-01-22,Success,192.168.8.238
U043,2026-03-04,Success,192.168.7.240
U043,2025-12-17,Success,192.168.14.254
U043,2026-03-25,Success,192.168.19.14
U043,2026-03-18,Failed,192.168.5.7
U043,2026-01-02,Success,192.168.4.178
U043,2026-01-07,Failed,192.168.17.120
U043,2026-02-01,Success,192.168.18.91
U043,2026-01-19,Success,192.168.14.62
U043,2026-02-24,Success,192.168.17.69
U043,2026-02-19,Success,192.168.11.150
U043,2026-05-02,Success,192.168.6.144
U043,2026-03-12,Failed,192.168.2.55
U043,2026-02-17,Success,192.168.20.190
U043,2026-02-27,Success,192.168.1.98
U043,2026-05-16,Success,192.168.13.247
U043,2026-03-05,Success,192.168.6.41
U043,2025-12-24,Success,192.168.2.124
U043,2025-12-19,Success,192.168.10.90
U043,2026-04-20,Success,192.168.6.87
U043,2026-03-13,Success,192.168.20.3
U043,2026-02-23,Success,192.168.10.242
U043,2025-12-26,Success,192.168.2.251
U043,2025-12-23,Success,192.168.4.197
U043,2026-03-20,Failed,192.168.18.167
U043,2025-12-07,Success,192.168.17.42
U043,2026-03-29,Failed,192.168.9.114
U044,2026-03-18,Success,192.168.9.166
U044,2026-02-14,Success,192.168.20.205
U044,2026-05-08,Failed,192.168.3.122
U044,2026-03-11,Success,192.168.12.164
U044,2026-04-22,Success,192.168.3.10
U044,2026-03-30,Success,192.168.20.98
U044,2026-05-26,Success,192.168.10.129
U044,2026-05-19,Success,192.168.20.153
U044,2026-03-06,Success,192.168.20.225
U044,2026-05-21,Success,192.168.20.173
U044,2025-12-06,Success,192.168.14.73
U044,2026-02-02,Success,192.168.3.102
U044,2026-02-20,Success,192.168.3.12
U044,2025-12-24,Success,192.168.12.123
U044,2025-12-03,Success,192.168.18.87
U044,2026-01-06,Success,192.168.16.165
U044,2025-12-18,Success,192.168.17.128
U044,2026-03-13,Failed,192.168.19.83
U044,2026-05-03,Success,192.168.18.245
U044,2026-01-16,Success,192.168.9.60
U044,2026-03-28,Success,192.168.18.251
U044,2026-01-03,Failed,192.168.8.4
U045,2026-02-11,Success,192.168.20.73
U045,2025-12-24,Success,192.168.15.42
U045,2026-01-25,Success,192.168.13.146
U045,2025-12-17,Success,192.168.1.36
U045,2026-03-06,Failed,192.168.2.84
U045,2026-03-19,Success,192.168.12.178
U045,2026-03-26,Success,192.168.7.161
U045,2026-01-21,Success,192.168.11.111
U045,2026-05-03,Success,192.168.14.110
U045,2026-04-22,Success,192.168.10.231
U045,2026-01-28,Success,192.168.17.81
U045,2026-01-28,Success,192.168.4.32
U045,2026-04-25,Success,192.168.4.16
U045,2026-04-16,Success,192.168.3.155
U045,2026-03-06,Failed,192.168.20.112
U045,2026-01-04,Success,192.168.3.131
U045,2025-12-23,Success,192.168.13.55
U045,2026-05-25,Success,192.168.10.47
U045,2026-04-12,Success,192.168.11.225
U045,2026-01-13,Success,192.168.16.122
U045,2026-01-24,Success,192.168.9.153
U045,2025-12-12,Success,192.168.17.175
U045,2025-12-10,Success,192.168.5.195
U045,2025-12-19,Failed,192.168.8.238
U045,2026-05-04,Failed,192.168.9.180
U045,2026-04-29,Success,192.168.2.56
U045,2026-01-30,Success,192.168.11.80
U045,2026-05-27,Success,192.168.8.153
U045,2025-12-17,Success,192.168.19.117
U045,2026-05-14,Success,192.168.11.106
U046,2026-02-17,Success,192.168.15.152
U046,2026-05-07,Success,192.168.4.2
U046,2026-01-17,Success,192.168.17.140
U046,2026-03-01,Success,192.168.8.251
U046,2026-05-04,Success,192.168.19.118
U046,2026-05-23,Success,192.168.12.168
U046,2026-05-01,Success,192.168.8.99
U046,2026-02-15,Success,192.168.18.153
U046,2026-02-08,Success,192.168.14.222
U046,2026-01-23,Success,192.168.3.2
U046,2025-12-14,Success,192.168.16.3
U046,2026-03-27,Success,192.168.18.162
U046,2026-03-04,Success,192.168.3.242
U046,2026-02-08,Success,192.168.8.18
U046,2026-04-24,Success,192.168.10.58
U046,2025-12-12,Success,192.168.15.183
U046,2026-02-18,Success,192.168.11.188
U046,2026-05-15,Success,192.168.16.146
U046,2026-03-01,Success,192.168.4.160
U046,2026-03-28,Success,192.168.20.166
U046,2026-05-04,Success,192.168.11.43
U046,2025-12-22,Success,192.168.13.36
U046,2026-05-15,Success,192.168.2.21
U046,2026-01-06,Success,192.168.1.104
U046,2026-01-29,Success,192.168.15.39
U046,2026-05-10,Success,192.168.10.111
U046,2026-04-05,Success,192.168.18.79
U046,2026-05-27,Success,192.168.20.249
U046,2026-01-14,Success,192.168.11.237
U046,2026-05-04,Failed,192.168.4.48
U046,2026-02-25,Success,192.168.5.153
U046,2025-12-23,Success,192.168.8.240
U046,2026-04-17,Success,192.168.7.74
U046,2026-03-05,Success,192.168.7.76
U046,2026-05-15,Success,192.168.5.176
U046,2026-01-26,Success,192.168.10.203
U046,2026-05-17,Success,192.168.3.142
U046,2026-03-14,Success,192.168.16.33
U046,2026-04-30,Success,192.168.13.175
U046,2026-02-01,Success,192.168.13.84
U046,2026-04-27,Success,192.168.4.132
U046,2026-04-05,Success,192.168.7.68
U046,2026-05-10,Success,192.168.16.1
U046,2026-03-02,Success,192.168.11.73
U046,2026-04-21,Success,192.168.15.134
U046,2026-03-10,Success,192.168.20.200
U046,2026-01-09,Failed,192.168.1.26
U046,2026-01-27,Success,192.168.11.19
U046,2026-01-13,Success,192.168.19.33
U046,2026-03-26,Success,192.168.2.74
U046,2025-12-10,Success,192.168.20.246
U046,2026-01-07,Success,192.168.12.72
U046,2026-05-20,Success,192.168.3.220
U046,2025-12-16,Success,192.168.14.20
U046,2026-02-18,Success,192.168.16.221
U046,2025-12-14,Success,192.168.12.235
U046,2025-12-02,Success,192.168.19.90
U047,2026-02-13,Success,192.168.17.219
U047,2026-04-06,Success,192.168.2.145
U047,2026-05-06,Success,192.168.20.102
U047,2026-02-03,Success,192.168.19.82
U047,2026-04-12,Success,192.168.5.33
U047,2026-01-06,Success,192.168.6.20
U047,2026-05-13,Success,192.168.12.244
U047,2026-03-04,Success,192.168.1.55
U047,2025-12-13,Success,192.168.7.189
U047,2026-05-08,Success,192.168.16.80
U047,2026-03-01,Failed,192.168.20.159
U047,2025-12-05,Success,192.168.14.86
U047,2026-04-19,Success,192.168.18.33
U047,2025-12-03,Failed,192.168.6.29
U047,2026-04-11,Success,192.168.19.248
U047,2026-05-18,Success,192.168.14.38
U047,2026-01-24,Success,192.168.15.58
U047,2025-12-08,Success,192.168.19.39
U047,2026-04-15,Success,192.168.17.39
U047,2026-04-20,Success,192.168.10.161
U047,2025-12-25,Success,192.168.12.75
U047,2026-03-28,Success,192.168.17.7
U047,2025-12-05,Success,192.168.11.244
U047,2025-12-10,Success,192.168.2.130
U047,2026-02-17,Failed,192.168.16.161
U047,2025-12-07,Success,192.168.11.40
U047,2026-02-21,Success,192.168.9.31
U047,2026-03-11,Success,192.168.7.203
U047,2025-12-13,Success,192.168.18.216
U047,2026-01-21,Failed,192.168.1.188
U047,2026-02-01,Success,192.168.8.248
U047,2026-03-07,Success,192.168.13.56
U047,2026-04-12,Success,192.168.19.164
U047,2026-04-04,Success,192.168.14.102
U047,2025-12-22,Success,192.168.16.173
U047,2026-03-22,Success,192.168.7.169
U047,2025-12-18,Success,192.168.6.203
U047,2026-02-06,Success,192.168.20.103
U047,2026-02-21,Success,192.168.4.108
U048,2026-02-18,Success,192.168.7.229
U048,2026-05-15,Success,192.168.9.80
U048,2026-05-01,Success,192.168.19.232
U048,2026-04-24,Success,192.168.4.186
U048,2026-05-04,Success,192.168.13.143
U048,2026-03-16,Success,192.168.3.89
U048,2026-03-31,Success,192.168.19.226
U048,2026-05-08,Success,192.168.7.169
U048,2026-02-27,Success,192.168.16.207
U048,2026-05-26,Success,192.168.1.149
U048,2025-12-19,Success,192.168.8.43
U048,2026-04-29,Success,192.168.4.144
U048,2026-04-26,Success,192.168.19.172
U048,2026-03-11,Success,192.168.10.111
U048,2026-03-27,Success,192.168.11.247
U048,2026-01-15,Success,192.168.2.61
U048,2026-02-04,Success,192.168.14.172
U048,2025-12-16,Success,192.168.7.68
U048,2026-05-13,Success,192.168.18.5
U048,2026-05-27,Success,192.168.15.127
U048,2026-05-19,Success,192.168.14.239
U048,2025-12-11,Success,192.168.10.94
U048,2026-05-09,Success,192.168.1.182
U048,2026-04-18,Success,192.168.17.142
U048,2026-04-15,Success,192.168.17.190
U048,2026-02-28,Success,192.168.19.179
U048,2025-12-18,Success,192.168.10.119
U048,2025-12-17,Success,192.168.15.35
U048,2025-12-10,Success,192.168.12.109
U048,2026-04-20,Success,192.168.18.137
U048,2026-03-28,Success,192.168.20.158
U048,2026-02-06,Success,192.168.5.235
U048,2026-01-28,Success,192.168.14.153
U048,2026-01-16,Success,192.168.15.216
U048,2026-04-01,Success,192.168.7.146
U048,2026-05-11,Failed,192.168.7.185
U048,2025-12-02,Success,192.168.6.78
U048,2026-03-23,Success,192.168.17.88
U048,2025-12-23,Success,192.168.19.84
U048,2026-03-24,Failed,192.168.11.167
U048,2026-02-25,Success,192.168.7.72
U048,2026-02-25,Success,192.168.2.220
U048,2026-04-05,Success,192.168.18.33
U048,2026-03-19,Success,192.168.9.62
U048,2026-01-12,Success,192.168.18.243
U048,2026-01-27,Success,192.168.12.119
U048,2026-03-22,Success,192.168.8.129
U048,2025-12-03,Success,192.168.6.152
U048,2026-05-19,Success,192.168.7.129
U048,2026-02-23,Success,192.168.12.211
U048,2026-04-04,Success,192.168.20.150
U048,2026-01-31,Failed,192.168.10.179
U048,2026-03-01,Success,192.168.7.94
U048,2026-01-23,Success,192.168.11.85
U049,2025-12-08,Success,192.168.1.144
U049,2026-02-23,Success,192.168.13.190
U049,2026-04-11,Success,192.168.3.136
U049,2025-12-03,Success,192.168.14.159
U049,2026-03-20,Success,192.168.16.71
U049,2026-05-03,Success,192.168.17.85
U049,2026-01-09,Success,192.168.15.78
U049,2026-02-25,Success,192.168.12.130
U049,2026-05-24,Success,192.168.10.231
U049,2026-03-22,Success,192.168.1.168
U049,2025-12-22,Success,192.168.8.187
U049,2026-04-16,Success,192.168.8.61
U049,2026-05-19,Success,192.168.19.39
U049,2026-04-22,Success,192.168.14.107
U049,2025-12-20,Success,192.168.9.205
U049,2026-03-10,Success,192.168.9.57
U049,2026-01-29,Success,192.168.8.95
U049,2026-01-21,Success,192.168.2.97
U049,2026-01-12,Success,192.168.4.5
U049,2026-01-04,Success,192.168.15.115
U049,2026-02-25,Success,192.168.17.58
U049,2026-04-27,Failed,192.168.1.78
U049,2026-03-01,Success,192.168.15.241
U049,2026-05-25,Success,192.168.11.4
U049,2026-01-15,Success,192.168.3.142
U049,2026-05-08,Success,192.168.15.208
U049,2026-02-04,Success,192.168.19.96
U049,2026-01-07,Success,192.168.12.102
U049,2026-04-05,Success,192.168.16.77
U049,2026-02-08,Success,192.168.11.168
U049,2026-01-03,Success,192.168.1.38
U049,2026-03-11,Success,192.168.13.149
U049,2026-01-22,Success,192.168.5.243
U049,2025-12-07,Success,192.168.2.14
U049,2026-01-09,Success,192.168.10.101
U050,2026-02-04,Success,192.168.17.8
U050,2026-05-29,Success,192.168.11.60
U050,2026-02-19,Success,192.168.13.216
U050,2026-02-04,Failed,192.168.18.254
U050,2026-01-08,Success,192.168.6.170
U050,2026-01-14,Success,192.168.1.99
U050,2026-01-05,Success,192.168.12.130
U050,2026-03-15,Success,192.168.16.47
U050,2025-12-14,Success,192.168.6.186
U050,2026-02-14,Failed,192.168.1.146
U050,2026-02-13,Success,192.168.3.64
U050,2026-04-18,Success,192.168.13.138
U050,2026-01-09,Success,192.168.11.246
U050,2025-12-23,Success,192.168.14.151
U050,2025-12-10,Success,192.168.16.76
U050,2026-01-23,Success,192.168.17.131
U050,2026-03-13,Success,192.168.13.123
U050,2025-12-15,Success,192.168.11.200
U050,2026-04-12,Success,192.168.13.131
U050,2025-12-18,Success,192.168.16.132
U002,2026-05-20,Failed,203.0.113.10
U002,2026-05-20,Failed,203.0.113.10
U002,2026-05-20,Failed,203.0.113.10
U002,2026-05-20,Failed,203.0.113.10
U002,2026-05-20,Failed,203.0.113.10
U002,2026-05-20,Failed,203.0.113.10
U002,2026-05-20,Failed,203.0.113.10
U002,2026-05-20,Failed,203.0.113.10
U002,2026-05-20,Failed,203.0.113.10
U002,2026-05-20,Failed,203.0.113.10
U002,2026-05-20,Failed,203.0.113.10
U002,2026-05-20,Failed,203.0.113.10
U002,2026-05-20,Failed,203.0.113.10
U002,2026-05-20,Failed,203.0.113.10
U002,2026-05-20,Failed,203.0.113.10
U002,2026-05-20,Failed,203.0.113.10
U002,2026-05-20,Failed,203.0.113.10
U002,2026-05-20,Failed,203.0.113.10
U002,2026-05-20,Failed,203.0.113.10
U002,2026-05-20,Failed,203.0.113.10
U002,2026-05-20,Failed,203.0.113.10
U002,2026-05-20,Failed,203.0.113.10
U002,2026-05-20,Failed,203.0.113.10
U002,2026-05-20,Failed,203.0.113.10
U002,2026-05-20,Failed,203.0.113.10
U002,2026-05-20,Failed,203.0.113.10
U002,2026-05-20,Failed,203.0.113.10
U002,2026-05-20,Failed,203.0.113.10
U002,2026-05-20,Failed,203.0.113.10
U002,2026-05-20,Failed,203.0.113.10
U019,2026-05-25,Failed,198.51.100.5
U019,2026-05-25,Failed,198.51.100.5
U019,2026-05-25,Failed,198.51.100.5
U019,2026-05-25,Failed,198.51.100.5
U019,2026-05-25,Failed,198.51.100.5
U019,2026-05-25,Failed,198.51.100.5
U019,2026-05-25,Failed,198.51.100.5
U019,2026-05-25,Failed,198.51.100.5
U019,2026-05-25,Failed,198.51.100.5
U019,2026-05-25,Failed,198.51.100.5
U019,2026-05-25,Failed,198.51.100.5
U019,2026-05-25,Failed,198.51.100.5
U019,2026-05-25,Failed,198.51.100.5
U019,2026-05-25,Failed,198.51.100.5
U019,2026-05-25,Failed,198.51.100.5
U019,2026-05-25,Failed,198.51.100.5
U019,2026-05-25,Failed,198.51.100.5
U019,2026-05-25,Failed,198.51.100.5
U019,2026-05-25,Failed,198.51.100.5
U019,2026-05-25,Failed,198.51.100.5
